"Timestamp","Give you confidence levels of the following statements below: [I can log in to the Pelle remote desktop using the website]","Give you confidence levels of the following statements below: [I can do basic things in the Pelle remote desktop]","Give you confidence levels of the following statements below: [I can find my home folder]","Give you confidence levels of the following statements below: [I can transfer files to/from Pelle]","Give you confidence levels of the following statements below: [I can log in to Pelle using a terminal]","Give you confidence levels of the following statements below: [I can do basic things in the terminal]","Give you confidence levels of the following statements below: [I can find and load a software module]","Give you confidence levels of the following statements below: [I can start a terminal text editor]","Give you confidence levels of the following statements below: [I can create a bash script]","Give you confidence levels of the following statements below: [I can schedule a job]","Give you confidence levels of the following statements below: [I can start an interactive session]","Give you confidence levels of the following statements below: [I can start an IDE]","Any other feedback?"
"2026/01/19 3:28:47 pm CET","5","4","5","5","5","5","5","5","5","5","5","5",""
"2026/01/19 3:33:49 pm CET","5","5","5","5","5","5","5","5","5","4","4","4",""
"2026/01/19 3:47:51 pm CET","5","5","5","4","5","5","4","5","4","4","4","4","Very good support, good balance of giving us room to for trial and error but then also support if were stuck. "
"2026/01/19 3:50:42 pm CET","5","5","5","4","5","5","4","5","3","3","4","4",""
"2026/01/19 3:58:11 pm CET","5","5","5","4","5","5","5","5","3","4","4","5","Excellent course. Well paced, clear structure, and very constructive engagement and feedback from the course leader and the course team."